 Country	Ht	As	x1	y1	x2	y2	x3	y3	linex	liney	link	fill
germany	184	94.5	355.6320874	494.5407787	549.985016	300.0149973	650	300	547.8971234	305.0821167	Flags/germany.png	green
netherlands	183.7777778	94.38888889	295.9877362	405.3696817	549.6736635	300.1353713	625	290	546.0341093	303.9694179	Flags/netherlands.png	orange
belgium	180.8333333	92.91666667	275.0000483	300.1629797	545.2463758	300.0028173	600	310	543.4572599	302.7140676	Flags/belgium.png	red
australia	180.7222222	92.86111111	295.8630192	194.9314748	545.4535587	298.1203527	575	280	542.8611124	300.0042309	Flags/australia.png	yellow
spain	178.6666667	91.83333333	355.4016334	105.6897436	544.3449007	294.3532733	550	310	542.4529018	296.8797832	Flags/spain.png	pink
india	177.0555556	91.02777778	444.5550523	46.01897117	546.0125226	290.3955227	550	300	543.6509826	293.6603825	Flags/india.png	lightsteelblue